,ID,Electricity_Consumption_AC
1,174111,1.0670000000000002
2,614605,2.309
3,865325,1.383
4,134921,2.398
5,180720,2.139
6,651968,1.906
8,991959,2.668
9,708804,2.509
10,579384,2.553
11,197846,1.872
13,171827,2.747
15,447976,1.63
18,281731,2.588
19,260809,1.559
20,653632,1.973
23,226880,1.613
24,425240,2.509
26,462767,1.799
28,481771,2.626
29,235525,1.72
39,751681,1.906
40,984268,1.071
41,174608,1.354
43,182619,2.45
44,856311,2.298
48,352942,1.724
49,326788,2.052
50,108181,2.52
51,865070,2.536
52,383162,2.434
53,874009,2.554
54,792447,2.204
55,943509,2.5460000000000003
57,440883,2.131
58,453374,2.07
59,650789,2.1870000000000003
60,940205,2.165
62,830511,2.629
65,777775,1.815
68,330362,2.257
69,884535,1.992
70,472500,1.447
71,838913,1.846
73,950784,2.2380000000000004
74,783176,2.385
75,710838,2.623
77,185028,1.182
78,926954,1.7
81,946126,2.564
82,217008,2.3000000000000003
83,696727,1.703
85,941910,1.6
86,668922,1.656
87,654048,2.2
88,578676,1.664
89,709442,2.257
90,503138,1.995
91,427260,2.596
92,923060,2.4960000000000004
93,363992,2.301
94,977778,1.91
95,274917,2.388
96,415153,2.233
99,603651,1.868
100,904557,1.97
101,701885,1.529
103,802145,2.315
106,514220,1.72
108,261162,2.387
109,916851,2.183
111,848644,2.5420000000000003
112,533852,2.089
114,127752,1.795
116,857890,2.43
117,768445,2.267
118,560253,2.373
120,528739,2.517
123,907189,2.099
124,645195,1.99
125,490344,2.077
126,166251,1.767
128,130691,1.7929999999999997
130,691912,2.378
131,738632,2.312
132,659527,1.668
133,402916,2.097
134,724127,2.039
135,458621,2.472
136,251986,2.564
137,830389,1.781
138,604307,1.668
143,935684,2.095
144,258997,2.626
145,462677,2.16
146,639180,2.596
148,674653,2.418
151,931747,1.965
154,646271,2.239
155,882462,1.753
156,537409,2.381
157,468615,1.461
158,258661,2.431
159,776643,2.527
160,125168,1.725
161,913859,2.043
162,855842,1.7120000000000002
163,943059,1.55
168,961955,2.463
169,389991,2.578
170,305420,2.069
175,875570,2.252
176,485050,2.06
178,930622,1.88
180,636550,1.97
182,365809,1.88
183,931005,2.156
184,716129,2.338
185,848785,2.11
187,663763,1.822
188,373619,2.5740000000000003
190,620672,1.658
191,807504,2.52
193,934331,2.305
197,209058,1.905
198,870802,2.228
203,933126,2.334
204,833926,2.291
205,872747,3.0420000000000003
209,920095,1.631
212,686684,2.3
213,226914,1.664
214,126261,1.737
215,289245,1.84
217,515976,1.594
219,521379,2.441
221,101101,1.493
222,493493,2.341
225,225389,1.72
226,783319,2.4440000000000004
227,498790,2.623
229,442455,2.225
233,341964,2.826
234,663538,1.799
239,771545,1.5339999999999998
240,639674,2.256
241,750867,3.028
244,113705,2.132
245,501066,2.36
246,298358,2.381
247,909985,2.232
248,958867,2.428
249,455824,1.922
250,669580,2.311
251,441321,2.976
252,219016,2.157
253,937621,2.334
254,918387,2.611
255,304651,1.996
256,150457,2.262
257,647003,2.091
258,803916,1.649
260,756804,2.25
261,734870,2.103
263,874681,2.233
264,153639,1.505
265,717621,2.13
267,804668,2.926
269,910920,1.883
271,528857,2.266
272,908627,2.037
274,877255,2.099
275,913227,2.169
277,467731,1.847
279,996814,1.975
281,949868,1.435
282,975169,2.059
283,848848,1.84
288,489156,1.5970000000000002
290,836099,2.52
292,752682,1.753
293,539265,2.564
294,832940,1.484
295,296131,1.529
299,719623,2.081
300,918988,2.374
301,494690,2.085
302,234220,2.294
303,360006,2.719
306,111191,2.155
307,291319,1.819
308,480305,1.507
310,813008,1.604
311,903791,1.578
312,573181,2.553
313,480966,2.596
314,551397,2.479
315,704216,1.939
316,381127,2.162
317,935107,2.423
318,160562,2.063
321,229075,1.804
322,182739,1.816
323,177852,2.115
324,643492,3.141
325,413714,1.674
326,152759,2.048
328,116720,1.5539999999999998
329,637424,1.895
330,940471,1.3410000000000002
331,159272,1.835
332,886174,1.604
333,284492,2.094
334,752156,2.287
337,185250,2.226
338,363155,2.434
339,840757,1.7
340,812506,2.553
341,749727,2.001
342,152555,1.89
343,867479,2.225
345,771830,1.815
346,193761,1.062
352,145011,1.941
353,449348,1.865
354,382290,1.831
356,216887,1.354
358,262660,2.707
359,851680,2.5460000000000003
360,676927,2.363
361,579160,2.252
362,181390,2.517
363,961557,1.6700000000000002
364,695398,1.269
366,287360,2.03
367,188728,2.657
368,556121,2.005
369,788729,1.498
370,525190,1.307
372,238740,2.34
373,795626,1.654
374,894079,2.353
376,426544,2.274
377,486969,1.973
378,558885,1.845
379,553838,2.713
380,918093,2.547
381,854065,2.318
382,778031,2.37
383,539057,1.657
384,743444,2.737
385,158011,1.216
389,562526,1.739
391,139398,1.983
393,340444,1.866
394,997480,1.93
396,320550,1.443
399,385520,2.2990000000000004
401,850815,1.806
402,965346,2.454
403,367035,2.797
404,567724,2.0650000000000004
408,317812,2.035
410,296535,1.635
413,113364,1.836
414,419311,2.703
416,301868,1.848
418,220335,1.774
419,721664,1.876
421,858635,2.387
422,296302,1.684
423,205821,2.418
424,257897,2.115
426,962177,2.101
432,440406,1.475
433,470683,1.946
434,796994,2.491
436,383425,1.521
437,427462,2.212
438,695698,1.576
439,748523,2.037
441,378486,2.1420000000000003
442,712469,1.859
444,468213,1.53
445,112634,2.063
446,380455,2.035
447,626104,1.88
448,676383,2.26
450,122676,2.168
451,798849,1.629
455,923848,1.997
456,931824,2.298
457,930782,1.497
459,595220,2.68
464,779471,1.575
465,319010,2.198
468,617499,1.892
469,662664,1.507
471,389892,1.73
476,598660,2.25
477,383710,1.974
478,492341,2.228
481,509406,2.273
482,875601,2.464
484,392604,2.2
485,219365,1.402
486,576070,1.721
487,906004,2.03
488,767614,2.156
489,309881,2.352
491,555828,2.364
493,890086,2.302
494,922141,2.386
495,528048,1.806
496,780134,1.986
497,937198,2.725
499,428477,2.093
503,104526,2.38
504,252788,2.314
505,561810,2.4320000000000004
506,866322,3.039
510,493233,1.61
511,743038,1.721
512,368037,2.801
513,882630,2.536
514,940164,1.862
515,880222,1.651
518,840141,2.685
519,682167,1.543
520,546811,2.596
522,507898,1.689
523,418377,2.184
524,701798,2.116
525,872512,1.852
526,345826,2.444
527,743247,2.228
528,423018,2.754
532,258674,2.623
533,292458,2.025
534,905756,2.432
535,130367,2.7230000000000003
536,400914,2.609
539,491231,2.315
540,809799,1.883
541,225704,2.414
544,166663,2.387
545,282948,2.155
546,319825,1.783
547,153278,1.88
549,424895,2.896
550,852838,2.144
551,341418,1.99
552,985696,1.971
553,829621,1.604
554,428936,2.137
555,602739,1.88
557,839145,3.264
559,527565,1.918
561,824387,2.472
562,427622,2.0540000000000003
563,288510,2.388
564,263008,1.76
565,677991,1.772
566,830606,1.596
568,787807,2.713
571,109908,1.924
572,128456,1.863
573,621616,2.238
575,698238,1.988
576,775479,1.694
577,725115,2.082
578,950010,1.997
579,147725,2.866
580,616086,1.738
581,483998,1.1749999999999998
582,802032,1.579
583,223270,2.001
584,101212,2.465
585,816280,2.359
586,609712,2.582
587,622527,1.833
589,568130,2.066
590,878820,2.377
591,882705,2.729
594,954491,2.383
595,992319,1.838
596,292856,2.398
597,722436,2.1900000000000004
598,657077,2.51
600,680832,2.498
601,632079,1.56
604,661959,2.367
605,624831,2.244
606,320877,2.701
607,148420,2.187
608,736260,2.194
609,711692,2.611
610,928369,2.181
611,848737,2.325
612,659036,2.149
613,823018,2.539
615,808049,2.026
618,126409,1.988
620,786294,2.438
621,546115,2.19
622,445670,2.403
625,786218,1.422
626,641467,2.67
627,792316,1.805
628,952749,1.846
629,109332,1.819
631,681579,2.791
633,912110,1.631
635,217915,1.891
636,728715,2.131
637,160052,1.216
638,724552,2.76
639,430752,1.14
640,329765,1.821
641,547413,2.449
642,588773,2.345
643,123129,1.969
645,701387,1.492
647,759115,2.148
648,944519,1.859
653,470672,1.548
654,984987,2.268
656,403394,1.586
658,201236,0.992
659,354632,2.443
662,155447,2.064
663,480471,2.297
664,126025,1.818
665,396228,2.377
667,234911,1.984
668,811786,1.751
669,701019,2.067
670,939614,2.73
671,148201,2.387
673,142195,1.7369999999999997
674,383416,1.918
675,677776,2.382
677,620790,2.093
678,482693,2.457
680,291812,3.036
681,544544,2.222
682,411158,1.605
687,128325,2.206
688,831466,2.827
689,444794,2.349
690,514916,1.768
691,693216,2.7
692,736734,2.171
694,716119,1.603
696,765051,1.823
697,975669,2.857
698,117787,2.233
699,556636,1.848
703,176501,2.142
704,179132,1.785
705,612820,2.129
706,804254,1.831
708,388318,1.491
709,720072,2.337
711,128539,1.391
712,308210,2.401
714,568605,1.896
715,490054,1.92
717,483849,1.6
718,276654,2.545
719,546979,2.325
720,149974,1.725
721,137978,2.077
723,808186,1.813
724,729332,1.733
726,518702,2.057
727,716086,1.966
728,188951,2.452
729,963673,2.222
731,412148,2.255
732,577826,2.139
733,875195,2.361
734,524360,1.85
735,541983,2.015
736,560081,1.313
738,676510,1.869
739,413732,1.7369999999999997
740,145798,1.1909999999999998
749,872003,2.099
751,112569,2.752
753,316622,2.774
755,690371,1.062
756,431083,2.573
757,815584,2.129
759,818583,2.107
761,888388,2.324
762,766225,2.18
764,980725,1.974
765,999474,1.591
766,418250,2.545
767,232587,2.6580000000000004
769,318270,1.831
771,609817,1.395
773,155073,2.414
774,639613,2.134
775,498285,2.261
778,198166,2.331
780,241251,1.686
781,320028,1.675
782,806135,2.024
784,192561,2.298
788,486863,2.439
789,262224,1.983
790,175949,1.509
791,381055,1.711
792,801632,1.759
793,590206,1.384
794,473535,2.017
795,536657,1.826
796,119132,2.701
797,441584,1.481
799,946107,1.973
801,135538,2.363
803,626421,1.782
804,600256,2.337
806,967312,1.849
807,278821,2.332
808,146427,1.5559999999999998
809,908461,3.086
811,167206,1.528
812,627463,2.088
813,718965,2.6300000000000003
814,922439,2.576
815,232117,1.936
816,429350,2.497
817,799578,2.21
821,418584,2.3400000000000003
822,705576,2.307
825,301791,1.286
826,689877,2.486
829,295453,2.289
831,722861,2.658
835,363637,1.672
838,198789,1.596
839,655435,1.873
840,161317,2.485
841,418539,2.467
844,470451,2.3880000000000003
845,190105,1.525
848,109527,1.569
849,156084,2.495
850,349189,2.437
851,484204,1.316
853,355188,2.371
856,835238,2.021
857,619100,2.039
858,521622,1.716
860,651828,2.117
861,341239,2.244
862,741251,2.547
865,703677,2.545
866,545487,1.907
867,295376,1.97
868,792586,2.8
874,708534,1.856
875,255316,1.706
877,160927,2.235
878,206970,2.2390000000000003
881,805097,1.558
882,419693,2.41
883,835372,2.718
884,414420,2.358
886,634446,2.038
887,315728,2.629
888,804829,2.272
889,637616,1.751
890,168830,2.6180000000000003
891,884096,2.617
892,990847,1.555
893,823051,1.965
895,375856,2.3760000000000003
897,981695,1.347
900,978805,2.021
902,319951,1.7400000000000002
904,972380,2.501
905,555321,2.625
907,170113,2.177
908,318774,1.772
909,713674,2.4
912,655924,1.999
913,101387,1.986
917,948924,2.784
919,587026,2.72
920,117181,1.779
921,557086,1.563
922,687014,2.314
924,113663,1.6909999999999998
925,575406,2.965
926,363494,2.1260000000000003
928,694589,1.406
929,789637,1.354
931,296000,2.06
932,375583,2.348
933,999192,1.859
934,209252,2.015
935,876931,1.924
936,640417,2.863
937,434283,2.242
938,744303,2.697
939,841247,1.702
940,275282,2.521
941,226306,1.845
942,268322,2.681
944,821172,2.238
945,228619,2.144
946,236178,1.7
947,269850,2.271
950,703724,1.852
951,109647,1.819
953,836148,1.681
954,596227,1.936
956,612524,2.879
958,866151,2.677
959,646144,2.453
962,142690,2.003
965,712292,1.605
966,615388,2.447
967,942375,2.379
970,548258,2.08
973,760379,1.6960000000000002
974,995147,2.141
975,252039,2.232
977,317372,2.496
978,773652,1.6929999999999998
979,151659,1.915
981,372702,1.834
982,219976,1.983
983,587535,1.999
985,115261,1.693
986,618730,2.313
987,462826,2.086
988,588282,1.792
989,388530,1.6829999999999998
990,819757,1.869
992,498968,2.161
993,696403,2.348
997,617795,1.966
998,589271,1.993
1000,928643,1.623
1002,673051,2.027
1003,350968,1.917
1005,251615,2.013
1006,437301,2.137
1012,401816,1.62
1013,137498,2.737
1014,138070,1.7
1015,487336,2.226
1016,767421,2.247
1019,822694,1.828
1020,232885,3.112
1021,290139,1.6700000000000002
1022,197816,2.07
1023,309538,2.201
1024,415540,1.771
1025,827742,2.259
1028,103219,2.466
1030,856502,1.997
1031,500219,2.682
1033,785481,2.149
1034,471017,1.7970000000000002
1035,427302,2.6300000000000003
1036,102282,1.644
1039,646681,2.647
1040,666717,2.805
1042,575474,2.655
1044,880851,2.209
1045,687909,1.137
1046,440248,2.202
1047,143080,2.115
1048,605865,1.987
1049,916161,1.5599999999999998
1050,495400,2.605
1051,242252,2.195
1056,129209,1.761
1057,640262,1.88
1058,471148,2.561
1063,421904,1.676
1064,256251,1.819
1065,124668,2.442
1068,326350,2.403
1069,797397,1.315
1070,311392,1.717
1071,672333,2.463
1072,258468,1.978
1073,532295,2.321
1074,569477,2.86
1075,653888,2.212
1077,247557,2.148
1078,718435,1.949
1079,790339,2.885
1080,479000,2.293
1081,443370,1.907
1082,290661,2.256
1084,820438,1.955
1086,926596,2.267
1087,524423,2.147
1089,111922,2.057
1090,802234,1.975
1091,482902,2.473
1092,558452,1.422
1093,797127,2.137
1094,154065,2.245
1095,701881,2.588
1096,512345,1.811
1098,189793,2.769
1100,261906,1.54
1102,343096,2.402
1103,951850,2.8
1104,492630,1.7719999999999998
1105,907211,1.713
1106,788460,1.997
1107,473871,2.385
1108,932377,2.268
1111,749625,2.761
1113,475737,1.489
1116,447163,2.677
1117,206477,2.48
1120,731733,1.869
1123,487949,2.237
1125,600989,2.2880000000000003
1126,991944,2.122
1128,290775,2.414
1129,342412,1.315
1130,246365,2.721
1131,372947,1.967
1135,217581,2.61
1137,528001,1.232
1138,727544,2.345
1139,163683,2.11
1140,531615,2.401
1142,354522,2.223
1143,853243,3.171
1144,234530,2.359
1145,290937,2.011
1146,920531,1.981
1147,606565,2.22
1149,789661,1.394
1152,963213,2.033
1154,222403,2.487
1156,700385,2.4800000000000004
1157,312187,2.202
1158,343887,2.163
1159,323514,2.509
1160,904832,3.141
1161,966592,1.614
1162,552667,2.557
1163,184860,1.947
1164,379401,1.853
1165,261332,1.563
1168,513472,2.379
1169,154764,1.947
1170,357015,2.6860000000000004
1171,896007,2.289
1172,308820,2.77
1173,176593,1.973
1175,356376,2.052
1176,757990,2.2880000000000003
1178,906875,1.702
1179,156326,2.065
1180,187280,2.455
1181,129944,2.604
1182,708928,2.365
1185,339321,2.0380000000000003
1188,425054,2.004
1189,723035,2.86
1190,241771,2.743
1191,423313,1.894
1192,754395,1.897
1195,673094,2.0380000000000003
1196,787548,2.729
1197,399336,2.668
1198,137750,2.118
1200,797467,2.172
1201,151560,2.036
1202,793073,2.264
1204,685815,2.158
1205,379995,1.866
1206,388982,2.235
1207,698906,2.099
1208,588259,2.353
1209,657376,2.654
1210,314949,1.767
1211,740649,2.302
1215,781456,2.035
1216,193501,2.064
1218,621782,2.375
1221,635539,2.444
1223,560679,2.533
1225,578294,1.705
1226,160220,1.61
1227,796174,2.618
1228,355533,1.841
1229,343669,1.7369999999999997
1230,373274,2.587
1232,787074,1.6700000000000002
1233,178248,1.812
1235,814685,1.819
1236,136028,2.4770000000000003
1237,320223,2.129
1238,165942,1.869
1239,895126,2.6740000000000004
1240,464003,2.557
1242,710118,1.269
1248,651373,1.943
1249,237259,2.729
1250,140612,2.672
1251,736588,1.4
1253,812813,1.791
1254,246711,1.86
1257,183851,2.4320000000000004
1258,713208,2.5740000000000003
1260,309300,1.702
1261,404450,2.434
1263,494463,2.213
1264,445329,1.754
1265,761097,2.72
1267,793071,2.313
1268,156487,2.796
1269,468029,1.589
1270,958676,2.1950000000000003
1271,827383,1.938
1275,813736,2.592
1276,554765,1.942
1277,526336,1.859
1278,780618,2.035
1280,388829,2.668
1282,562728,1.837
1284,206851,1.601
1286,674782,2.434
1287,177072,2.578
1288,901091,2.008
1290,966817,1.288
1292,213709,2.005
1293,712988,2.3400000000000003
1295,834561,2.198
1297,999454,2.297
1298,564031,2.454
1300,411339,1.966
1301,856048,1.689
1302,473336,2.139
1304,956587,2.3080000000000003
1305,946422,2.559
1308,180122,2.851
1310,891278,2.1990000000000003
1312,111629,1.978
1314,225692,1.651
1317,751712,1.543
1319,110184,2.027
1320,741230,1.418
1321,136372,2.25
1322,192551,1.515
1323,164156,2.073
1325,860938,1.574
1326,184940,2.958
1329,863688,2.748
1330,547190,1.942
1331,103984,2.061
1335,560194,1.925
1336,612584,1.217
1339,439711,2.278
1340,674570,2.569
1343,754319,2.321
1345,728855,1.723
1346,713914,2.797
1347,718182,2.45
1348,601471,2.431
1350,347179,2.972
1351,519644,2.419
1353,746111,1.663
1354,281527,2.155
1356,521656,2.487
1357,140540,1.756
1358,620428,2.129
1362,339557,2.021
1364,452980,1.679
1365,540025,2.378
1367,302305,1.702
1368,485898,2.476
1370,493551,2.377
1371,921384,1.702
1373,221244,1.779
1374,192840,1.934
1375,687582,1.799
1376,768798,1.344
1377,736058,1.927
1378,182594,1.714
1382,390837,2.464
1383,152275,2.784
1384,641668,2.218
1387,423522,1.783
1389,253040,2.422
1391,484103,1.863
1392,942726,2.497
1393,750622,2.162
1394,396625,1.853
1396,869672,3.0340000000000003
1397,131289,1.7939999999999998
1398,588402,2.4570000000000003
1399,638893,2.387
1401,488178,2.695
1402,333994,1.985
1403,418936,1.939
1404,649784,2.258
1407,944809,1.814
1408,663330,1.585
1410,176414,1.851
1411,618250,2.941
1412,570491,2.226
1413,619541,2.069
1414,469376,2.213
1416,738346,2.247
1417,884835,1.614
1418,797440,2.698
1419,315917,1.845
1420,895914,2.101
1421,214992,2.22
1422,441916,2.61
1424,985957,1.63
1426,759341,1.963
1427,517633,2.321
1428,929686,2.547
1430,460229,1.657
1431,944861,2.527
1432,511497,2.4490000000000003
1433,309382,1.544
1434,769055,2.093
1436,932317,2.041
1438,648948,2.087
1439,539760,2.442
1440,680353,2.106
1443,803688,1.654
1445,634304,1.094
1446,407904,2.104
1447,110574,2.054
1448,224747,2.222
1449,443443,2.3070000000000004
1450,598704,2.235
1452,845924,2.777
1455,947813,1.696
1456,619492,2.094
1459,144702,2.42
1460,284628,2.343
1462,769093,1.855
1463,194553,2.206
1464,784958,2.24
1466,368076,2.237
1468,903573,1.232
1469,548138,1.722
1470,164614,1.775
1474,405564,2.535
1475,165959,1.4529999999999998
1477,778856,1.843
1478,355707,2.054
1482,823404,2.782
1483,901681,1.918
1484,155326,1.408
1485,139190,2.197
1486,147135,1.493
1488,449933,2.321
1490,822502,1.706
1494,650265,1.525
1495,391454,2.444
1498,561380,2.099
1499,177148,1.743
1500,342940,1.909
1501,589890,2.5010000000000003
1503,341835,2.828
1504,629047,2.454
1505,920994,2.003
1509,622565,2.0340000000000003
1510,786892,2.763
1512,973614,1.895
1513,312143,3.061
1514,500778,2.739
1516,536729,2.198
1517,561926,2.164
1518,786437,2.185
1519,903897,2.087
1520,635433,2.225
1521,882133,1.6700000000000002
1522,532002,1.988
1523,852710,2.424
1524,798722,1.516
1525,782271,2.161
1526,233848,2.545
1527,158562,1.56
1528,516921,1.755
1531,210909,2.482
1532,953856,2.087
1534,255903,2.283
1535,882770,2.157
1536,963024,1.783
1537,831258,2.615
1538,184019,2.524
1539,447173,2.0380000000000003
1540,741117,2.205
1542,635690,1.795
1543,700108,1.56
1544,922814,2.13
1545,880056,2.286
1546,633430,2.512
1547,995463,2.204
1550,665201,2.407
1551,381731,2.4770000000000003
1552,467964,1.794
1553,243184,1.347
1554,723627,1.84
1555,163255,1.913
1556,268254,1.812
1557,885115,2.0540000000000003
1561,244740,1.588
1562,696186,2.663
1563,296376,2.765
1564,135996,2.907
1565,470390,2.174
1566,605691,2.252
1567,170688,2.264
1570,142115,1.726
1573,785590,1.752
1574,817493,1.347
1576,721994,1.798
1577,563162,1.713
1578,509294,2.137
1579,809337,2.01
1580,936391,2.129
1582,451868,2.562
1583,783280,1.541
1585,469532,2.992
1586,383147,1.628
1588,317063,2.451
1589,798231,2.9370000000000003
1590,263443,2.145
1592,271447,1.806
1593,137425,2.716
1595,998537,2.5980000000000003
1596,289146,1.792
1597,914530,1.465
1598,220936,1.782
1599,152693,2.403
1602,690084,2.923
1603,568176,2.157
1605,342568,1.629
1606,198078,1.674
1607,195552,2.073
1608,175556,2.016
1609,401243,2.039
1610,666736,2.75
1612,445386,1.7120000000000002
1613,871074,2.155
1614,582025,1.288
1617,972038,2.476
1618,640010,2.638
1620,779962,1.73
1621,392695,2.9650000000000003
1622,197423,2.388
1623,933420,2.938
1624,362784,1.986
1626,234981,2.897
1628,995110,2.0580000000000003
1631,128740,2.283
1632,184671,2.757
1633,842820,2.286
1638,510897,2.388
1639,746284,2.393
1640,658528,2.204
1641,977417,2.031
1643,804036,1.906
1644,348858,1.586
1646,742107,2.181
1648,985507,2.2550000000000003
1649,354836,2.998
1650,226064,2.728
1653,462258,2.7
1654,101341,2.107
1656,727105,2.706
1657,259383,2.411
1658,628202,1.906
1659,196987,2.01
1661,908573,2.249
1662,900690,2.104
1663,843144,2.431
1664,814344,1.7809999999999997
1667,560256,1.479
1669,293982,1.982
1670,876000,2.413
1671,427441,2.0380000000000003
1675,241847,1.582
1676,745240,1.643
1677,767062,2.797
1678,979827,1.58
1679,506435,1.966
1681,788381,1.743
1683,850173,2.799
1684,373639,1.963
1685,670640,1.843
1686,815141,2.494
1688,970060,1.493
1689,909977,2.11
1691,656213,2.611
1693,725574,1.352
1695,366511,2.329
1699,795087,2.082
1700,829744,2.038
1701,248738,2.61
1703,440680,1.36
1704,680958,2.305
1705,187725,2.091
1706,734715,1.713
1708,411497,2.083
1709,760117,2.236
1712,546854,1.739
1713,735171,2.115
1714,510503,1.493
1716,696133,1.938
1717,512929,1.792
1718,575072,2.417
1719,460191,1.408
1722,785671,1.579
1724,315875,2.142
1726,732142,1.931
1727,694279,1.847
1729,838916,2.093
1732,978666,2.277
1735,611625,2.023
1737,962115,1.761
1738,141621,1.552
1740,449718,2.635
1741,357434,1.988
1742,830256,1.779
1744,658690,2.097
1746,893904,1.768
1747,482632,2.45
1749,660883,2.677
1750,324427,1.985
1751,714608,2.652
1752,208681,2.261
1755,671332,2.033
1756,405861,1.985
1757,188476,2.363
1758,458627,2.396
1759,534482,2.0540000000000003
1760,907328,1.493
1762,225006,1.582
1763,144741,1.6869999999999998
1764,179913,2.1830000000000003
1767,796463,2.767
1768,809472,2.417
1769,948489,1.6749999999999998
1770,436925,2.051
1771,475195,1.344
1773,476031,2.131
1774,867604,2.603
1775,253569,2.739
1777,702022,1.864
1778,674315,1.92
1781,867453,1.988
1783,159238,1.949
1785,666749,2.383
1786,828205,2.712
1789,190959,2.434
1790,850524,2.5970000000000004
1791,950778,1.775
1792,476126,1.537
1793,413110,2.1100000000000003
1794,130512,2.509
1798,670722,1.395
1799,519353,2.104
1800,835098,1.994
1802,864891,2.772
1803,305838,2.169
1804,339466,1.723
1807,689577,1.88
1809,978220,1.81
1810,405498,1.6829999999999998
1813,664668,2.341
1816,196571,1.516
1817,377902,1.996
1818,639067,1.484
1819,641887,1.947
1820,350874,1.467
1823,130345,2.391
1825,972164,1.847
1827,420029,2.065
1829,302803,1.808
1830,184072,1.947
1832,508236,1.953
1833,432655,1.868
1835,114025,1.626
1837,882215,1.875
1838,816225,1.667
1839,812733,2.72
1840,626364,1.823
1841,597800,2.313
1842,372450,1.812
1843,941306,1.6829999999999998
1844,444441,2.104
1845,732760,2.399
1847,197092,2.115
1848,306068,2.5540000000000003
1849,218053,2.088
1851,955951,2.155
1854,997491,2.405
1857,184835,2.598
1858,641944,2.363
1859,858941,2.179
1862,463614,2.2030000000000003
1863,287835,1.775
1864,230421,2.115
1865,382713,2.572
1866,550258,1.804
1868,563233,2.099
1869,278613,2.106
1870,418130,2.279
1871,599732,3.086
1872,213069,2.088
1873,821193,1.747
1875,722448,1.326
1876,706084,1.756
1877,710334,1.398
1878,923910,2.383
1879,320059,1.834
1881,744097,2.6300000000000003
1882,946247,2.002
1883,905080,1.901
1884,840042,2.5010000000000003
1885,600170,2.018
1886,358434,1.766
1887,355578,1.831
1888,300719,2.097
1889,380296,2.052
1890,655910,1.868
1891,672834,2.269
1894,507530,2.533
1895,255071,2.115
1896,957028,2.378
1898,846227,2.855
1902,119991,2.533
1904,379682,2.679
1907,597576,1.804
1909,572434,1.767
1910,370569,1.975
1911,509306,1.476
1912,336587,2.8040000000000003
1914,488402,1.4009999999999998
1916,474559,2.407
1917,658123,1.822
1921,824389,1.883
1922,450767,2.485
1923,172108,2.824
1924,888387,1.32
1925,189208,2.451
1927,645527,2.58
1928,828187,2.084
1933,465691,2.07
1934,674318,2.32
1935,979389,1.869
1936,233063,1.383
1937,206820,2.161
1939,358853,2.625
1940,733780,2.13
1941,567352,2.522
1943,875217,2.515
1944,611550,1.923
1945,730618,2.541
1948,710876,2.129
1951,515499,2.4210000000000003
1952,272435,2.248
1953,560470,2.5420000000000003
1954,574822,2.742
1956,873587,2.092
1957,377796,1.76
1958,748552,1.352
1960,485150,2.099
1961,205720,1.813
1962,338438,2.264
1963,169461,1.9890000000000003
1964,399650,1.467
1965,568956,2.129
1966,681317,1.894
1967,644261,2.243
1968,971776,1.812
1971,478387,2.322
1974,536188,2.4400000000000004
1977,459938,2.159
1978,235407,2.164
1979,929502,2.799
1980,942801,2.093
1981,891049,1.3569999999999998
1982,659003,1.564
1983,613709,1.5970000000000002
1986,735386,2.335
1989,109004,2.125
1990,202882,2.28
1991,915984,2.274
1992,539992,2.278
1996,273512,2.6710000000000003
1997,209657,2.654
1998,160924,2.437
1999,109953,2.251
2000,131867,2.064
2001,118789,2.11
2002,444823,2.547
2005,386720,2.08
2006,391862,2.463
2007,609397,2.184
2008,173295,1.649
2009,117763,2.613
2010,297063,1.694
2012,226358,2.295
2013,985751,2.256
2014,969522,1.272
2015,713331,1.704
2017,989326,2.996
2020,824577,2.293
2022,488062,1.982
2023,928079,2.149
2024,534768,1.996
2025,453704,1.983
2026,672704,2.2
2029,247160,2.039
2030,588477,1.575
2031,401200,2.172
2032,422331,2.034
2033,940937,1.067
2034,373573,2.321
2035,172716,1.711
2036,442889,2.068
2037,163444,2.1750000000000003
2038,789631,1.986
2040,219337,2.443
2042,577372,1.757
2043,778692,2.353
2044,376134,2.401
2045,155260,2.491
2047,337149,2.721
2048,924187,2.202
2050,334005,1.736
2053,997084,2.926
2054,779629,2.597
2055,708978,1.851
2057,128871,2.946
2060,469329,2.519
2061,600179,2.513
2062,170224,1.978
2064,567320,1.414
2065,932148,2.225
2066,592397,2.466
2067,357449,1.894
2068,563396,2.19
2070,134909,2.24
2071,926532,2.365
2072,815829,1.62
2074,607057,1.803
2075,746738,1.512
2076,871501,2.478
2079,488645,2.407
2080,775588,1.271
2083,312370,2.003
2084,996683,2.3200000000000003
2085,561602,2.8440000000000003
2086,705761,2.561
2090,102614,1.3070000000000002
2092,242275,2.443
2094,289610,2.239
2096,781824,2.147
2097,686970,1.827
2098,131919,1.585
2100,120134,1.357
2102,420691,2.609
2103,118047,2.3400000000000003
2104,537693,2.287
2105,239786,2.429
2106,326661,1.966
2109,793710,1.541
2110,356647,1.762
2112,278706,2.478
2113,833707,1.906
2114,631557,1.734
2115,592580,2.381
2116,764573,2.352
2118,178395,2.168
2120,457091,1.837
2124,107489,2.063
2125,450810,1.895
2126,612479,2.07
2127,733486,2.321
2129,853806,2.07
2130,964982,2.439
2131,787730,2.069
2132,542354,2.443
2133,914593,1.997
2134,858594,2.129
2135,289182,2.025
2136,517468,2.051
2137,543759,2.4400000000000004
2138,277622,2.972
2141,422175,2.233
2142,728480,1.872
2143,721183,1.742
2144,435352,1.854
2147,118549,2.341
2149,252351,2.349
2152,759916,1.527
2153,679859,2.803
2155,123125,1.906
2156,304896,1.3070000000000002
2159,648602,2.391
2163,281798,2.9490000000000003
2164,737268,2.04
2165,255082,2.603
2167,706758,2.457
2168,872924,1.726
2169,821470,2.353
2171,535677,2.3240000000000003
2172,466906,1.984
2173,101005,1.663
2174,283552,2.7230000000000003
2176,367271,1.551
2178,274055,1.479
2179,738340,2.085
2180,550328,2.637
2182,327552,1.768
2183,783273,2.565
2184,541951,2.417
2186,934459,1.871
2187,794627,1.987
2188,620411,2.746
2189,339686,1.489
2192,349759,1.768
2194,269197,2.736
2196,122633,2.958
2198,537105,1.616
2199,817552,1.273
2200,994556,1.8
2202,942164,1.912
2204,816014,2.3000000000000003
2205,602437,1.215
2206,710903,1.7879999999999998
2208,682569,1.916
2209,936397,2.305
2210,732658,2.31
2211,644206,2.765
2213,737825,2.661
2214,577113,1.996
2215,577587,2.109
2218,337809,1.898
2219,539460,1.98
2222,171781,2.215
2223,217062,2.7390000000000003
2226,190824,1.644
2227,823891,2.091
2228,533111,1.885
2230,882413,2.143
2231,416669,1.58
2233,149056,1.649
2237,112025,1.927
2238,614939,2.512
2240,957474,1.331
2241,606412,1.98
2242,403087,2.2310000000000003
2243,882194,2.275
2245,829577,2.879
2247,486315,1.85
2248,666606,2.11
2249,122798,2.066
2250,216113,2.692
2251,872232,2.906
2252,988055,1.64
2255,172132,2.515
2256,590676,1.534
2257,920375,2.399
2258,649743,1.307
2260,312568,2.113
2261,558648,2.615
2263,288380,2.4290000000000003
2265,147834,1.258
2267,314911,1.509
2268,827487,2.255
2270,709923,2.021
2272,258745,1.799
2273,884812,2.4170000000000003
2274,931055,2.1950000000000003
2275,459854,1.508
2276,110343,1.67
2277,143928,1.626
2278,948676,2.5
2279,759120,3.325
2280,594990,1.6
2282,351803,2.365
2284,185964,1.711
2286,113445,2.152
2287,895403,2.222
2288,465757,2.26
2289,826917,2.21
2290,719600,2.34
2292,964687,2.835
2293,905595,1.804
2294,917116,2.508
2295,334468,1.72
2296,202261,2.159
2297,416467,2.401
2299,460893,2.524
2300,790420,1.895
2302,380613,2.472
2304,789359,2.353
2307,240687,1.663
2308,640573,2.345
2310,289593,2.144
2311,263101,2.356
2313,751004,2.131
2314,531373,1.494
2316,528494,2.454
2317,973760,1.955
2320,611287,2.348
2321,121420,1.506
2322,784702,2.339
2323,603417,2.054
2324,634961,2.554
2325,150719,2.6580000000000004
2327,392415,1.446
2328,837614,1.966
2329,350930,2.218
2330,752175,2.084
2331,130878,2.0
2333,371874,2.047
2334,862323,2.675
2335,418864,1.666
2339,354413,2.512
2340,718521,2.642
2343,309227,1.79
2344,973888,2.992
2345,745735,2.684
2346,262088,2.053
2347,368848,1.628
2348,680739,2.62
2349,873738,2.394
2350,410431,1.767
2351,386417,2.46
2352,240434,1.67
2353,453012,2.204
2354,397625,2.005
2355,928420,2.6
2356,408863,1.996
2360,159094,2.637
2362,367573,2.57
2363,538251,1.711
2364,103593,2.166
2366,961300,1.833
2367,763985,1.9
2370,714070,2.014
2372,335514,1.806
2373,507425,3.005
2375,913498,2.206
2376,181468,2.325
2377,635887,2.156
2378,672124,2.313
2380,878748,1.003
2381,639772,1.737
2382,979235,2.296
2383,820785,2.048
2384,367561,2.587
2385,508535,2.434
2389,442701,2.0380000000000003
2391,798477,2.234
2394,870860,2.146
2395,348217,1.364
2396,784096,2.7220000000000004
2398,343267,2.515
2400,586681,2.067
2401,751914,1.783
2402,545785,2.839
2404,103996,1.527
2406,735534,2.099
2407,927473,2.097
2411,467553,2.235
2412,508588,2.359
2413,429107,1.947
2414,314352,2.151
2417,666880,2.21
2418,662918,2.356
2419,828390,2.156
2421,590965,1.931
2422,716855,1.996
2424,971658,2.0730000000000004
2425,489626,1.7879999999999998
2427,846963,2.689
2428,867073,2.43
2429,807747,2.093
2430,433773,1.354
2432,834766,2.275
2435,856372,1.654
2436,448304,1.3179999999999998
2437,817684,2.366
2438,494762,1.528
2439,757560,1.406
2441,949091,1.918
2443,347051,1.656
2444,338799,2.828
2446,463349,1.781
2447,166080,2.022
2449,168291,1.5559999999999998
2450,322840,2.0660000000000003
2451,958357,1.936
2452,806782,2.561
2453,210429,1.602
2456,208924,2.234
2457,889814,2.5010000000000003
2458,552605,3.192
2461,884558,1.963
2462,475939,1.967
2464,294024,1.404
2465,589720,1.991
2467,752540,2.365
2468,549928,2.276
2471,625596,2.185
2473,571092,2.039
2475,779263,1.614
2476,987824,1.712
2477,352320,2.277
2480,391870,1.869
2483,515959,1.715
2486,494017,1.918
2487,988197,2.117
2488,454609,2.494
2489,559237,2.619
2491,198897,2.47
2492,282121,1.898
2493,867159,2.48
2494,404470,2.034
2497,146645,2.631
2499,287837,1.797
2501,120976,2.61
2503,483627,2.596
2504,823368,2.057
2505,197748,2.085
2506,978049,1.844
2507,117831,1.871
2508,471424,1.912
2509,390457,2.207
2510,213621,2.419
2511,644602,2.7
2512,734726,2.406
2514,546268,1.994
2516,623458,2.245
2517,920132,2.647
2519,231217,2.537
2520,640240,2.725
2523,118740,2.332
2526,483547,2.095
2528,764629,2.112
2531,116740,1.858
2533,273208,1.899
2535,479530,2.214
2538,472560,2.128
2539,910974,1.859
2540,184029,3.369
2541,974709,2.8040000000000003
2542,561317,2.371
2543,164164,1.513
2545,658185,2.131
2546,610393,2.158
2550,371992,2.084
2551,195506,1.993
2552,893396,1.955
2553,291260,2.034
2555,461767,2.244
2557,194041,1.5559999999999998
2558,673834,2.074
2559,818630,1.914
2560,155506,2.1340000000000003
2561,634613,1.62
2562,301481,2.194
2563,694737,2.091
2564,878168,1.654
2566,280934,2.697
2567,286921,2.285
2568,144640,2.146
2569,804654,2.431
2571,558223,2.07
2572,364994,2.563
2573,886658,2.9330000000000003
2574,813578,1.356
2575,213119,2.515
2576,663212,2.198
2577,627344,1.906
2578,535765,2.875
2579,898270,1.456
2580,851396,2.403
2581,631315,1.647
2583,118852,1.964
2585,452229,2.827
2586,854004,2.739
2587,260203,1.823
2588,447316,2.09
2591,649752,2.123
2594,438034,2.399
2595,577792,2.8480000000000003
2597,573133,2.048
2599,507656,2.293
2601,564231,1.947
2602,813741,2.545
2605,764019,1.845
2606,430720,1.693
2608,644692,2.044
2609,892436,1.647
2610,438097,2.774
2611,173035,2.618
2614,180132,2.517
2617,465840,1.986
2618,197521,2.262
2619,138342,2.279
2620,549576,2.768
2621,646937,1.678
2622,786718,2.547
2627,165535,1.694
2628,475325,1.549
2631,205455,2.655
2633,775112,2.463
2634,970916,2.533
2635,898031,2.104
2636,572212,2.264
2638,302691,2.476
2640,154530,2.366
2642,557385,2.813
2643,918117,2.157
2645,999052,2.422
2646,838832,2.496
2647,865162,2.226
2649,388022,2.129
2650,990441,1.73
2651,467077,1.853
2652,407216,2.252
2653,566146,2.596
2658,987865,1.943
2661,869728,2.767
2662,439267,2.072
2665,239184,1.793
2666,475108,1.79
2667,540016,1.684
2669,159429,2.081
2670,283557,1.957
2671,190170,1.588
2674,215869,2.654
2675,347385,1.978
2676,831917,2.006
2677,699399,1.895
2680,172277,2.033
2681,477749,2.082
2682,613953,2.347
2683,109357,2.324
2684,935504,1.772
2686,607067,2.4570000000000003
2687,726570,2.377
2688,931211,2.545
2689,733689,2.806
2690,527786,2.139
2691,315431,1.467
2694,150202,2.2880000000000003
2695,613854,1.517
2699,667249,2.313
2702,946026,2.063
2703,331142,2.636
2704,289629,1.826
2705,959187,2.587
2706,384671,2.07
2707,635660,2.325
2709,162498,2.549
2710,687486,2.371
2714,605622,1.925
2715,863547,2.734
2716,678726,1.895
2717,208739,2.335
2718,829343,1.996
2719,681947,1.905
2720,150758,1.793
2721,214047,2.312
2722,444898,2.036
2723,841450,2.202
2724,492669,1.711
2725,787935,2.494
2726,806172,1.697
2727,678901,2.498
2728,433713,1.847
2729,474318,1.922
2730,218520,1.967
2731,934521,2.7
2732,393134,2.595
2733,714718,2.156
2735,819482,2.825
2736,100680,1.484
2737,182995,2.057
2741,752568,2.033
2742,779077,2.4290000000000003
2743,784545,2.718
2744,891907,1.4
2745,269589,1.706
2746,826482,2.463
2747,513542,2.234
2748,932055,2.432
2750,487955,1.803
2751,161577,2.282
2754,468656,1.818
2755,860919,2.095
2757,620640,2.149
2760,509417,1.975
2762,555063,2.735
2763,973382,2.088
2765,409550,1.657
2766,935895,2.121
2767,401501,2.232
2769,162377,1.528
2770,306171,3.194
2771,504531,1.563
2773,301094,1.456
2776,520730,2.346
2777,178843,1.993
2778,436613,2.464
2780,744136,1.6949999999999998
2781,653657,1.4529999999999998
2782,526249,2.162
2783,838196,2.619
2784,491969,2.768
2785,480912,2.175
2788,817761,1.422
2790,142001,1.767
2791,914116,2.377
2792,765296,1.854
2793,963090,2.27
2794,144443,2.287
2797,390647,2.677
2798,178965,2.231
2799,204604,2.444
2802,336916,1.1749999999999998
2803,571406,1.708
2804,776117,2.039
2808,424033,2.221
2809,198754,2.056
2810,222741,1.54
2814,706063,1.895
2815,188431,2.4880000000000004
2816,995550,1.894
2817,368276,1.847
2818,735622,2.718
2819,470843,1.609
2822,384907,2.171
2824,863103,1.592
2825,851492,1.6829999999999998
2827,168036,2.363
2828,424799,1.605
2829,477632,1.83
2830,957168,1.67
2831,195396,2.124
2832,547461,2.36
2833,625013,2.172
2834,899033,2.801
2838,912700,1.85
2839,151933,1.544
2840,606471,2.405
2843,223626,2.068
2844,284839,2.427
2847,769226,1.602
2848,588698,1.476
2849,892566,1.955
2850,516717,1.987
2851,231177,1.462
2852,151733,2.572
2853,849466,2.129
2854,842224,1.931
2855,550855,2.314
2857,583212,1.806
2862,616603,1.536
2863,448060,1.944
2865,454055,1.974
2866,418286,2.5450000000000004
2869,882140,2.877
2870,616555,2.312
2872,138541,1.775
2873,510672,1.462
2875,835719,2.0250000000000004
2876,657817,1.973
2878,246169,1.689
2879,958792,2.425
2880,820365,1.802
2881,916687,1.962
2883,948831,2.087
2884,554732,2.561
2885,272052,2.0620000000000003
2887,302271,2.155
2889,196934,1.932
2890,784198,2.605
2891,120039,2.791
2894,400290,2.382
2896,324302,1.494
2897,448965,2.298
2898,509039,2.017
2899,510790,1.4429999999999998
2904,397233,2.379
2907,226555,1.545
2908,741045,2.156
2909,241799,1.272
2913,284404,1.851
2914,174538,2.485
2915,333929,2.125
2917,279315,2.03
2918,162351,2.7870000000000004
2921,208677,2.367
2923,321519,2.689
2924,905027,1.996
2926,976480,1.879
2928,419423,2.789
2930,196956,2.451
2931,488029,1.65
2932,554864,2.22
2933,910747,2.13
2934,704078,1.552
2935,995579,2.424
2936,697898,2.368
2937,835012,2.2590000000000003
2940,594540,2.559
2941,288109,1.89
2942,448576,2.734
2943,631524,2.116
2947,223322,2.017
2948,937627,2.881
2949,323252,1.556
2950,790946,2.172
2951,153810,2.484
2952,861400,2.094
2953,840991,2.105
2954,111298,1.957
2955,373004,2.454
2956,697622,2.67
2959,175323,2.426
2961,480660,2.375
2962,695195,2.283
2963,323962,2.789
2964,570713,1.855
2965,107581,2.292
2966,109287,1.626
2967,517325,2.2110000000000003
2968,200241,2.7910000000000004
2969,450406,2.273
2971,209822,1.685
2972,655126,2.106
2973,499988,2.994
2974,909774,2.116
2976,536801,1.585
2979,760633,2.547
2980,445816,1.447
2981,684087,2.381
2982,860486,2.3160000000000003
2983,172136,1.711
2984,155001,1.285
2985,967016,1.568
2988,136133,2.555
2990,534166,2.225
2993,917301,1.798
2995,507801,1.748
2996,159327,1.9
2997,372833,2.466
2998,480242,1.945
2999,704655,2.234
3000,289697,1.819
3003,304523,2.146
3004,893432,2.536
3006,198061,2.262
3007,603437,2.315
3008,919334,2.689
3009,223782,2.213
3010,454482,1.968
3011,235620,2.59
3012,600605,2.249
3013,662596,2.216
3015,863019,2.649
3016,201052,2.066
3018,757365,2.011
3019,655917,2.67
3020,174107,2.438
3021,152821,1.899
3023,430577,2.251
3024,841337,2.127
3025,632654,2.434
3027,149006,2.237
3029,818589,1.653
3032,745461,1.67
3034,850017,1.544
3035,418971,2.512
3036,457943,1.966
3037,861441,2.737
3038,784562,2.877
3040,390291,2.584
3041,606706,1.97
3044,928653,2.131
3046,194490,2.274
3047,708695,2.877
3048,933551,2.002
3050,893482,2.325
3051,810354,1.766
3052,704282,1.689
3053,325075,2.482
3054,968513,1.909
3055,838527,1.83
3057,134802,2.134
3059,865987,2.21
3061,482617,1.823
3067,415282,1.351
3069,940932,1.623
3070,237145,1.934
3071,772730,1.807
3072,774097,1.962
3074,291987,2.434
3075,789039,1.246
3076,588444,2.177
3077,949345,2.103
3078,473629,2.275
3081,922332,1.5479999999999998
3083,939743,2.431
3084,148590,1.804
3086,801921,1.975
3087,841644,1.962
3090,744839,2.261
3091,404612,2.378
3092,726907,2.156
3093,873780,2.626
3095,946753,2.463
3096,977217,2.391
3097,351216,2.744
3099,426194,2.614
3100,954040,2.547
3101,564865,2.434
3103,399172,2.002
3104,484456,2.057
3105,687424,1.668
3108,767634,2.5700000000000003
3109,959292,1.711
3110,721099,2.9720000000000004
3113,824186,1.944
3116,547193,1.77
3119,867046,2.461
3122,434556,2.508
3123,275062,1.767
3124,983691,2.1180000000000003
3126,174733,2.611
3127,908907,1.931
3132,991202,2.246
3134,617878,2.106
3135,337193,2.6180000000000003
3137,872054,1.676
3138,905436,1.6829999999999998
3139,901548,2.315
3140,486463,1.847
3143,925483,1.451
3144,448341,1.997
3147,362737,1.758
3150,200152,2.984
3151,927831,2.038
3152,461861,2.156
3153,406195,2.463
3154,546181,2.086
3155,589323,2.557
3158,325524,1.783
3160,640078,2.283
3161,841866,2.016
3164,333317,1.997
3165,998674,2.141
3166,947344,1.733
3167,957580,1.7240000000000002
3168,245267,1.601
3169,871166,1.969
3171,765929,2.261
3172,766998,1.785
3174,716313,2.293
3175,536839,1.7719999999999998
3177,531663,2.779
3178,197013,1.78
3179,310257,1.842
3180,761977,2.718
3181,817929,1.3279999999999998
3182,141453,1.837
3184,628575,2.457
3185,351755,1.948
3186,624255,2.394
3187,831061,1.863
3188,239882,2.612
3190,111101,2.233
3191,384205,2.1870000000000003
3193,942219,1.827
3196,296428,2.31
3197,287848,2.897
3198,419853,2.822
3199,374262,1.308
3201,410962,2.72
3202,374081,2.734
3203,114588,2.219
3204,117003,1.67
3205,505985,2.325
3206,145681,2.387
3210,719571,1.962
3211,243207,2.422
3213,619673,2.12
3215,826151,1.64
3218,417981,1.808
3222,190163,2.48
3223,673038,1.784
3224,293016,2.149
3226,367818,2.252
3227,309479,1.375
3228,989970,2.647
3229,100695,1.931
3230,278313,1.7180000000000002
3231,784547,1.989
3234,725038,1.931
3235,215071,1.965
3236,299467,1.394
3237,932220,1.697
3238,267131,2.163
3239,519692,1.422
3241,287108,2.127
3242,799482,2.191
3243,187457,1.931
3244,749013,1.975
3245,298357,2.429
3250,698935,2.767
3252,608125,1.783
3253,925449,1.841
3254,265303,1.785
3255,108693,2.3400000000000003
3256,778511,2.2300000000000004
3257,201543,2.216
3259,543342,2.001
3260,897909,1.755
3261,815805,1.895
3262,462512,2.205
3263,575396,2.345
3265,249049,2.064
3266,490828,3.02
3267,656043,1.79
3268,287925,1.77
3269,658230,2.094
3271,671527,2.875
3272,688506,2.2270000000000003
3274,687345,2.348
3276,419388,2.87
3277,986694,2.05
3279,310891,1.857
3280,843031,1.4429999999999998
3281,538948,1.137
3282,466748,1.725
3284,362649,2.099
3287,179313,1.854
3288,261346,3.09
3289,404521,2.462
3291,574697,1.732
3292,916732,2.117
3293,433281,2.025
3296,367372,1.967
3297,889945,2.116
3299,791615,2.373
3300,103104,1.914
3301,760849,2.409
3303,195870,1.848
3305,650406,1.822
3308,854274,2.617
3312,333210,2.196
3314,544121,1.836
3315,607230,2.176
3316,275999,2.02
3317,473780,2.485
3319,503480,2.094
3320,654950,2.323
3321,650100,2.148
3322,775553,2.511
3323,519952,2.135
3324,570658,2.358
3325,112221,1.89
3326,585554,1.689
3327,230012,2.294
3328,735596,1.596
3330,749500,1.536
3331,921181,2.374
3333,449995,2.115
3334,724197,1.558
3336,394108,2.2030000000000003
3338,708728,2.513
3339,239544,1.977
3340,986487,1.92
3342,542347,1.69
3345,847619,2.374
3346,857319,2.592
3349,915187,2.451
3351,504461,2.151
3352,650785,2.16
3353,668534,2.02
3354,470835,1.609
3355,384641,2.195
3356,492525,1.764
3357,469205,2.204
3358,329075,2.533
3359,614998,1.669
3360,585817,2.252
3361,289268,2.283
3362,417630,2.156
3363,407808,2.21
3365,841353,2.5
3366,375446,2.223
3367,833988,2.232
3368,361065,2.336
3369,395047,1.341
3370,562457,0.901
3372,786425,2.007
3373,779252,2.153
3374,232822,2.275
3375,103604,2.274
3376,727888,2.245
3377,328347,1.536
3380,754574,2.618
3382,835817,2.068
3383,830663,1.914
3384,601235,2.7910000000000004
3385,282899,2.178
3386,364336,1.806
3387,643536,1.543
3389,731428,1.726
3390,869467,2.261
3392,384200,2.131
3394,150152,2.512
3396,215629,1.632
3397,177612,2.576
3398,789793,1.68
3399,852445,1.507
3400,216128,2.7430000000000003
3401,471961,2.008
3403,275932,1.53
3404,978828,1.5339999999999998
3405,423609,1.787
3408,373279,2.346
3410,420635,2.018
3411,675918,2.023
3412,407240,1.736
3413,343360,1.757
3414,624731,2.505
3415,978232,2.117
3417,458042,2.718
3418,717670,1.916
3421,442750,2.293
3422,920103,2.685
3423,509639,2.168
3424,705482,2.059
3426,878574,2.507
3427,690897,1.494
3431,803372,1.712
3432,206946,1.848
3433,557347,2.247
3434,221623,2.069
3435,255677,1.923
3436,876156,2.121
3438,995518,1.64
3439,130720,2.384
3440,604999,1.545
3441,411137,1.764
3442,496472,2.282
3443,794191,2.971
3444,358151,1.994
3445,995511,2.08
3446,806083,1.657
3448,779221,2.515
3449,107435,1.626
3450,207400,1.779
3452,692825,1.908
3453,661670,1.508
3455,985864,2.384
3456,337924,2.263
3457,598667,2.058
3459,270974,1.916
3460,678251,2.152
3461,653045,1.869
3463,930355,2.224
3464,696703,1.881
3465,449398,1.883
3466,311615,2.636
3467,415467,2.3190000000000004
3468,840893,2.104
3469,496252,1.366
3470,650897,2.704
3471,424304,2.23
3473,239904,2.3040000000000003
3475,907879,1.981
3479,519023,1.677
3480,594870,2.367
3481,601883,1.69
3482,146156,2.017
3483,565479,2.823
3484,538048,2.336
3488,932041,2.159
3489,416955,1.757
3491,827926,2.29
3492,631353,1.757
3493,304043,1.812
3494,779886,1.516
3495,807123,1.856
3496,442552,2.177
3497,214060,2.453
3498,522691,2.422
3499,938501,1.3230000000000002
3502,944671,2.737
3504,555646,1.232
3506,197312,2.157
3507,781721,2.329
3509,468294,1.725
3510,812185,1.981
3512,173836,2.051
3515,897761,2.258
3517,327867,1.4329999999999998
3519,491442,1.675
3521,584275,2.052
3522,126559,2.099
3525,157641,1.507
3526,623979,2.11
3529,342204,1.489
3530,272823,1.698
3533,761135,1.606
3535,550975,2.177
3536,401881,1.706
3537,555715,2.5620000000000003
3539,796081,1.816
3540,155848,2.7310000000000003
3541,814356,2.194
3542,271847,1.858
3543,904690,1.41
3545,938474,2.9250000000000003
3546,754104,2.531
3547,212284,2.972
3548,282075,1.285
3550,608155,2.432
3551,951682,2.417
3552,332276,2.057
3553,222729,1.471
3554,672235,1.859
3555,223031,2.1
3556,732288,2.697
3557,404042,2.158
3558,613927,2.1910000000000003
3560,288947,1.931
3563,476508,2.025
3564,261819,1.962
3565,584884,2.771
3566,793990,1.6949999999999998
3567,635342,2.044
3568,875149,2.161
3570,970061,1.53
3572,230637,1.6949999999999998
3573,970196,1.999
3574,380705,2.377
3575,628625,1.577
3576,358121,2.1990000000000003
3577,396472,2.241
3578,182143,2.375
3581,534834,2.8040000000000003
3582,444327,2.158
3586,719202,2.551
3589,529510,2.881
3594,487058,2.355
3598,125210,2.247
3599,554439,3.0420000000000003
3600,162076,2.27
3601,878448,1.513
3604,723001,2.006
3605,824904,2.085
3606,451465,2.231
3607,415030,2.93
3608,967145,2.672
3609,770940,2.447
3610,120933,2.434
3613,365570,1.619
3614,418717,1.846
3615,420834,2.388
3617,279469,2.4490000000000003
3618,973421,2.371
3621,745092,1.584
3622,353117,2.102
3626,189095,2.623
3627,219402,2.035
3629,847012,2.1380000000000003
3630,464144,2.866
3631,360038,2.593
3633,132668,2.864
3634,992430,2.045
3635,544001,2.79
3636,791628,2.338
3638,293673,1.907
3641,350645,2.238
3642,361353,2.437
3644,460962,1.642
3645,779280,1.996
3646,915581,2.364
3647,854110,2.069
3648,904283,2.874
3650,976012,1.613
3651,431653,2.23
3652,938641,1.613
3653,624884,1.923
3654,497156,2.153
3655,548149,2.971
3656,660197,2.415
3657,350994,2.093
3660,872231,2.502
3661,838373,2.8480000000000003
3662,426111,2.402
3665,592837,2.397
3666,596753,2.1180000000000003
3668,604379,1.923
3670,181247,1.987
3671,919825,2.387
3672,652523,2.617
3673,771608,2.207
3675,503546,2.205
3679,967600,2.157
3680,471072,1.661
3681,201499,1.88
3683,112288,2.273
3684,882034,1.605
3685,296309,2.359
3686,840110,2.232
3687,450229,2.663
3688,503641,1.7120000000000002
3689,508984,2.443
3691,761539,2.1900000000000004
3692,295840,1.815
3693,447261,1.601
3694,195573,2.401
3697,579044,2.172
3698,278339,1.535
3699,135301,2.3310000000000004
3702,944339,2.557
3703,595170,1.985
3704,943230,1.623
3705,950790,1.991
3706,901109,2.169
3707,619662,1.9290000000000005
3709,757313,1.95
3711,731012,2.664
3712,639037,2.68
3713,842118,1.401
3714,379867,2.064
3716,263573,1.969
3717,220837,2.339
3718,656522,1.702
3720,863260,2.308
3721,245204,1.996
3722,728625,2.1830000000000003
3724,979479,2.619
3726,118374,1.6509999999999998
3731,811404,2.598
3732,435499,2.005
3733,347390,1.77
3735,571730,2.299
3740,514928,2.431
3742,616664,2.399
3743,334159,1.638
3744,839059,1.853
3747,644294,2.03
3748,259612,2.339
3750,416539,2.532
3751,349478,2.407
3752,358588,2.12
3753,153697,1.95
3754,701171,1.475
3756,821828,1.957
3760,804155,1.898
3761,412274,1.812
3762,211473,2.095
3764,190116,2.509
3767,850762,1.85
3768,876601,2.378
3769,889810,2.477
3772,751205,2.769
3774,739979,1.975
3775,108859,2.065
3778,978639,1.949
3779,331965,2.824
3781,494492,2.443
3782,605407,2.376
3783,566937,2.079
3784,660542,1.517
3786,257051,2.6710000000000003
3787,618869,1.61
3788,345380,2.237
3789,695143,2.527
3791,645178,1.857
3792,400318,2.1990000000000003
3793,581848,2.15
3794,389240,2.211
3796,940698,2.032
3797,292482,1.967
3798,798425,1.507
3799,623607,2.502
3800,205172,2.021
3801,419914,2.716
3802,749335,2.437
3803,539836,1.466
3805,455589,2.207
3806,417494,1.796
3809,737133,2.622
3810,713801,2.088
3812,481199,2.123
3813,871508,2.657
3815,881255,2.434
3818,906120,2.291
3819,842367,2.532
3822,507851,1.508
3823,826980,2.104
3825,244020,2.2230000000000003
3826,500011,2.302
3829,699902,2.475
3830,928107,1.828
3832,958495,1.734
3833,484638,2.403
3834,107072,2.551
3835,119642,2.181
3838,567026,1.4329999999999998
3841,935542,2.128
3844,657403,1.776
3846,429104,2.258
3847,233940,1.799
3849,706094,2.507
3850,938700,1.621
3851,599329,2.14
3854,238978,1.3119999999999998
3856,810511,2.7150000000000003
3859,235267,2.367
3860,543191,1.977
3861,880490,1.882
3862,979834,1.601
3866,845895,2.145
3867,180882,2.3400000000000003
3868,288500,2.383
3870,563254,2.16
3871,175928,2.149
3873,978911,2.333
3876,958255,2.511
3878,772488,2.342
3880,633357,1.996
3882,517124,2.456
3885,407602,2.093
3886,552468,1.889
3888,182204,2.018
3890,646116,1.796
3891,154476,2.814
3892,815574,1.6909999999999998
3893,118132,1.808
3894,297605,1.751
3895,351036,2.428
3896,433446,2.454
3899,464989,2.057
3903,607542,1.947
3904,900422,2.256
3905,837008,1.258
3907,819355,2.146
3909,498379,1.839
3910,791070,2.144
3911,957235,2.626
3912,174329,2.429
3914,174093,2.003
3915,204045,1.1749999999999998
3917,853278,1.747
3918,293602,2.237
3919,627953,2.327
3920,911952,2.2550000000000003
3921,610482,1.713
3922,452432,2.673
3924,829978,1.971
3926,913674,2.088
3927,735900,2.847
3928,117227,1.076
3934,244470,1.6840000000000002
3935,706682,1.396
3936,240417,2.877
3937,182197,2.25
3938,770437,2.129
3939,494813,2.486
3940,420258,2.306
3941,857934,1.684
3942,494420,2.233
3947,790812,2.127
3948,394747,2.195
3949,297276,2.209
3950,499283,2.94
3951,943400,2.863
3952,127685,2.7150000000000003
3954,814600,2.197
3955,880409,2.085
3956,162428,2.0620000000000003
3957,131631,1.809
3958,923234,1.631
3959,826384,1.733
3960,663651,1.484
3963,644183,2.443
3964,818187,2.9330000000000003
3966,672320,2.672
3967,730234,2.724
3969,922869,1.509
3972,793506,2.4770000000000003
3973,356986,1.609
3975,891198,2.292
3977,368210,1.615
3979,161288,2.748
3980,728947,2.479
3982,496693,2.541
3983,954510,1.983
3984,722207,2.294
3987,272826,1.943
3989,760047,2.654
3990,482654,2.199
3994,515097,2.131
3995,199413,2.272
3997,759724,1.3230000000000002
3998,327318,2.063
3999,873542,2.315
4000,681612,2.131
4001,409380,1.935
4003,259771,1.777
4004,480847,2.212
4005,912590,2.256
4009,239961,1.481
4010,998388,1.767
4012,195281,1.7990000000000002
4014,123566,1.332
4015,554780,1.819
4016,914841,1.702
4018,149045,2.116
4019,856303,1.911
4022,550817,2.467
4023,515916,2.509
4024,707368,1.992
4025,363111,1.982
4026,373014,2.35
4031,521258,1.253
4032,914648,2.013
4033,584997,2.22
4035,207271,2.376
4036,497861,2.272
4037,862555,1.294
4043,943251,2.3680000000000003
4044,309719,1.6969999999999998
4045,919940,2.983
4046,355796,2.839
4047,414919,2.426
4048,835598,1.403
4049,593987,2.434
4050,562530,2.524
4052,716349,2.561
4053,177252,1.824
4056,959770,2.399
4057,102479,1.897
4058,443210,2.16
4059,889278,1.97
4060,725171,1.272
4061,185664,1.794
4065,539459,1.952
4066,296805,1.921
4068,580841,1.964
4069,209823,1.7999999999999998
4070,758713,2.619
4073,120926,2.002
4074,824983,3.039
4076,311734,1.866
4077,815436,1.575
4078,434348,2.4490000000000003
4079,412453,2.112
4080,917138,1.702
4081,781221,2.463
4083,866535,2.472
4084,920302,2.596
4086,801950,1.657
4087,668967,2.6790000000000003
4088,790842,1.914
4089,888589,2.588
4090,804861,2.168
4091,518566,1.983
4092,234193,2.355
4093,925495,2.134
4097,661419,1.692
4098,333075,1.944
4099,984287,2.099
4100,388966,2.406
4101,256916,2.363
4102,263897,2.264
4103,812335,2.228
4104,870956,2.206
4106,623781,2.234
4111,472964,1.523
4112,893190,1.989
4113,515476,3.171
4115,616426,2.753
4116,186425,1.866
4117,703732,2.199
4118,882259,1.495
4120,755800,2.262
4121,157434,1.796
4122,757544,1.965
4123,639346,2.064
4124,812568,2.171
4125,542461,1.689
4128,420351,2.252
4130,225333,1.785
4131,476839,1.681
4134,723565,1.334
4135,794603,1.484
4136,869733,2.112
4137,293600,2.195
4138,959633,1.86
4140,627437,2.377
4141,696103,2.903
4142,184939,3.147
4143,284543,1.931
4144,160919,2.386
4145,872695,2.364
4146,190243,2.458
4147,367975,2.116
4148,632325,2.884
4149,154577,2.149
4152,319987,2.5580000000000003
4154,140956,1.698
4155,953772,1.833
4158,928503,1.484
4161,895875,2.487
4162,447196,1.675
4163,301653,2.382
4164,572292,2.323
4166,749571,1.949
4168,745945,1.962
4170,590364,3.075
4171,110485,1.569
4172,396290,3.045
4173,306225,2.166
4175,294859,1.725
4176,910512,1.771
4182,200318,2.378
4183,159319,1.739
4185,701100,1.869
4186,511584,1.656
4187,113974,2.387
4188,209001,2.794
4189,979004,1.989
4190,147997,1.994
4191,623009,2.308
4192,357842,2.257
4193,476954,1.644
4197,765415,1.857
4200,155654,1.469
4201,112565,2.29
4203,294970,2.874
4204,988953,1.634
4205,540568,2.573
4207,758128,2.4730000000000003
4209,921075,1.368
4210,303447,2.215
4211,690105,2.34
4212,121706,2.502
4213,678557,2.007
4215,991845,1.56
4216,749077,1.959
4217,707796,2.539
4218,340757,2.434
4219,426862,2.322
4223,729986,2.547
4224,272787,1.967
4225,258717,1.881
4227,647097,1.848
4229,271153,1.975
4232,924415,1.431
4234,704870,1.706
4236,203183,2.206
4239,412964,1.905
4240,674811,1.906
4241,964430,2.2920000000000003
4243,317218,1.808
4244,615422,2.443
4245,844966,1.828
4246,224264,2.569
4247,564175,2.041
4248,901063,2.434
4249,727703,2.2590000000000003
4251,597279,2.698
4252,776962,1.232
4253,523263,1.518
4254,919092,2.352
4256,513269,2.073
4257,333134,2.211
4259,489422,1.633
4261,689678,2.252
4262,325782,1.865
4263,549262,2.315
4265,580782,1.945
4269,101791,2.115
4271,832760,2.494
4272,309355,1.715
4274,424167,2.35
4275,563722,2.336
4277,148718,1.881
4278,477339,1.999
4279,307904,2.466
4280,421738,2.375
4282,577409,2.144
4283,783733,1.799
4284,552428,2.322
4286,643923,2.971
4290,708643,1.761
4292,648878,2.28
4294,211407,2.1380000000000003
4295,939584,1.7970000000000002
4296,230554,1.923
4298,970045,1.955
4299,101760,1.7339999999999998
4301,299073,2.048
4302,200132,2.433
4303,642192,2.355
4306,560170,1.685
4310,953032,1.852
4311,985660,2.31
4312,677697,1.232
4319,508733,2.62
4320,176319,2.292
4321,754469,1.905
4322,893412,2.456
4323,668269,1.72
4324,601569,2.023
4325,447067,2.123
4326,933026,2.874
4327,197795,2.265
4329,395646,1.783
4330,866901,2.0940000000000003
4331,812937,2.377
4334,467040,2.5740000000000003
4337,792110,2.603
4339,926416,1.833
4340,446519,2.322
4341,244496,2.132
4342,454053,2.791
4344,877896,2.286
4345,751873,1.516
4346,480904,2.434
4347,518565,1.7180000000000002
4350,291265,1.924
4351,539311,2.0
4353,471478,1.6700000000000002
4355,648049,1.702
4357,227858,2.536
4358,997938,2.041
4360,600510,2.647
4361,953869,1.726
4363,438936,1.772
4365,175797,1.754
4366,843357,2.016
4367,161532,2.444
4368,867306,2.377
4369,318854,2.725
4371,469818,2.482
4372,868299,1.592
4373,515324,2.07
4374,393993,2.463
4375,560723,2.863
4376,629626,2.529
4378,436522,1.928
4379,432058,1.641
4381,756856,2.127
4382,346118,2.21
4385,687505,1.525
4387,867583,1.258
4389,182394,2.555
4390,859675,2.162
4391,799981,2.894
4393,492608,2.452
4394,848536,1.756
4396,850899,2.198
4397,568742,1.863
4398,280990,2.9490000000000003
4400,462530,1.757
4401,872906,2.897
4402,240664,1.974
4403,231875,1.508
4406,920715,2.688
4407,684111,1.544
4409,988382,1.928
4410,750964,2.394
4411,218738,1.793
4412,697033,1.616
4413,728198,2.19
4414,428712,2.661
4416,948961,1.725
4420,511202,1.62
4422,665312,2.06
4423,138983,2.256
4425,633274,2.737
4426,636026,2.365
4427,775251,2.672
4428,309074,2.418
4430,590921,2.365
4431,311288,2.0380000000000003
4432,268749,3.059
4433,582194,2.249
4434,889885,1.833
4436,345357,1.894
4437,324345,2.359
4438,591204,2.166
4440,984051,1.769
4441,618198,1.6
4442,248674,1.748
4444,242886,1.983
4445,716351,2.463
4448,856900,1.881
4449,553557,1.868
4450,244121,1.963
4451,287962,2.213
4453,188343,2.398
4454,648168,1.949
4457,991576,1.696
4458,755285,2.391
4459,502137,2.564
4463,196901,2.102
4464,799161,1.985
4465,450993,2.31
4470,957277,2.612
4471,441467,2.235
4472,380804,1.865
4473,550492,2.355
4474,330162,2.434
4477,194773,2.155
4478,611079,1.535
4480,305544,1.717
4481,142177,2.189
4482,698137,2.826
4484,366206,2.281
4486,418071,1.715
4489,520967,2.03
4490,203874,2.334
4491,454813,1.813
4492,763215,0.928
4493,802293,1.767
4494,185716,1.892
4495,424764,1.601
4496,712028,1.447
4497,452959,2.376
4498,914883,2.024
4499,516512,2.202
4500,634967,2.434
4501,970111,2.118
4502,748945,2.421
4503,672133,1.833
4504,945428,2.191
4505,740692,2.335
4507,207211,2.104
4508,990564,2.212
4510,945453,2.365
4513,783216,2.016
4515,262138,1.593
4516,585246,1.866
4519,961070,2.1420000000000003
4520,750993,2.526
4523,185811,2.536
4524,982377,2.7870000000000004
4526,367282,2.9650000000000003
4530,371225,1.6829999999999998
4531,865628,2.125
4534,469506,2.933
4536,265589,2.106
4537,175901,2.512
4538,401870,2.274
4539,580257,1.775
4540,329455,2.536
4542,432887,2.204
4545,116294,2.178
4546,420755,1.988
4547,402686,2.177
4549,524161,2.801
4552,915931,1.985
4553,684217,1.881
4558,177611,2.7030000000000003
4559,785972,2.371
4560,756178,1.975
4562,933780,1.721
4564,868389,2.454
4565,208941,1.847
4566,412778,1.535
4567,898664,2.552
4568,440062,2.002
4571,720189,2.312
4572,568861,2.697
4575,782142,2.282
4576,480665,2.4610000000000003
4578,464367,2.097
4579,622046,2.044
4580,316120,1.803
4582,607901,2.896
4583,604652,2.361
4584,853416,2.118
4585,155328,1.799
4587,507704,2.032
4590,820930,2.385
4591,774214,1.847
4594,266128,2.6910000000000003
4595,637979,1.912
4596,614013,2.6580000000000004
4597,294544,2.06
4598,904618,1.7879999999999998
4599,259258,2.517
4602,525870,2.223
4603,698074,1.724
4604,773848,2.694
4606,420658,2.353
4607,732406,2.413
4609,859049,2.11
4612,373463,2.091
4613,259459,2.157
4614,584894,2.366
4615,948876,2.424
4617,387136,2.386
4618,484024,1.463
4621,955464,2.207
4622,448365,2.169
4623,410140,2.212
4625,364183,2.3400000000000003
4626,361151,2.005
4627,424517,1.95
4628,960845,2.314
4629,829432,1.91
4630,786676,2.636
4631,750526,2.614
4632,117149,2.741
4633,692377,2.514
4635,206021,2.2590000000000003
4636,345412,1.842
4637,193772,1.725
4639,483355,1.481
4641,639250,1.975
4642,591975,2.041
4643,195540,1.001
4647,450080,1.7999999999999998
4648,370849,1.822
4649,520281,2.536
4651,628459,2.065
4652,532345,2.27
4654,742649,2.085
4656,714432,2.407
4658,926376,2.704
4659,582172,2.42
4661,929526,2.207
4662,606693,2.48
4663,442147,2.689
4666,330263,2.803
4668,217693,2.19
4670,599257,2.313
4672,730328,2.0940000000000003
4674,350079,2.739
4675,440784,2.961
4676,162920,2.414
4678,810164,1.435
4679,958909,1.807
4680,665487,1.72
4682,662277,1.876
4683,211605,2.366
4684,640102,1.4429999999999998
4688,643198,2.313
4689,724362,1.754
4691,220814,1.6749999999999998
4693,207983,2.166
4695,920201,2.207
4696,922902,1.89
4697,479166,2.158
4698,339336,2.357
4699,651293,1.513
4700,759569,1.494
4702,779275,2.3200000000000003
4703,653814,1.769
4705,670397,1.152
4706,734457,2.132
4707,331097,2.159
4708,637534,2.596
4709,404065,1.985
4710,780707,1.7
4711,279437,2.244
4712,706239,2.2110000000000003
4714,413929,2.465
4718,337813,2.1900000000000004
4719,791665,2.3840000000000003
4720,182986,2.368
4721,528437,1.242
4722,934927,1.487
4725,665025,2.154
4726,124262,2.287
4728,389510,2.274
4729,833989,2.688
4730,879545,2.039
4731,706804,2.116
4732,819633,1.89
4736,444095,1.972
4739,803596,2.729
4740,780533,1.695
4742,761623,1.743
4744,764643,1.634
4746,975867,1.023
4747,261558,2.115
4749,301261,2.093
4750,468496,2.519
4751,473717,3.095
4752,682461,2.009
4753,350748,2.547
4754,133198,1.852
4755,764341,1.87
4757,283270,2.376
4758,712658,2.411
4759,171773,2.448
4762,722185,2.697
4764,242977,1.943
4765,416812,1.664
4766,912454,2.803
4768,928854,1.88
4770,996850,2.116
4771,340024,1.743
4772,673717,2.322
4773,841358,1.953
4776,409072,1.806
4777,764939,2.264
4778,443159,2.109
4779,540566,2.604
4782,876917,3.027
4784,923485,1.631
4786,400953,1.89
4788,371419,2.609
4789,674109,2.19
4790,225758,1.486
4791,401126,2.148
4792,476314,1.7990000000000002
4793,862809,2.485
4794,227015,1.494
4797,617573,1.592
4800,749850,2.325
4802,708861,3.197
4804,649198,1.537
4805,164343,1.352
4807,545166,2.023
4808,468983,2.581
4809,109692,1.53
4810,488441,2.698
4811,628145,2.572
4812,155265,1.663
4813,797758,2.247
4814,342001,2.7910000000000004
4816,861009,2.247
4818,975345,1.631
4819,615180,1.895
4820,143067,2.4440000000000004
4821,797707,2.128
4825,146658,1.754
4826,109344,2.617
4827,100913,2.127
4828,444074,2.02
4829,983579,1.92
4831,634158,1.94
4832,600191,2.211
4833,351885,2.112
4834,179146,1.375
4835,912160,2.855
4836,470889,2.055
4837,236971,2.316
4839,257464,1.795
4840,454492,1.752
4841,699066,2.052
4842,925456,1.762
4844,198836,2.747
4845,144473,1.98
4846,177460,2.442
4847,127027,2.641
4848,694195,1.73
4850,314472,2.873
4851,788744,2.163
4852,259824,2.222
4853,805347,1.983
4854,181642,2.228
4855,690538,2.712
4858,929600,2.192
4860,710228,1.344
4862,473977,2.125
4864,559602,2.316
4865,719466,1.58
4866,730599,2.5740000000000003
4867,104843,1.5610000000000002
4869,414453,1.996
4872,646101,2.7150000000000003
4874,626557,2.027
4876,785273,3.219
4877,534317,1.737
4878,258069,2.7230000000000003
4879,232074,2.179
4880,530175,2.499
4883,266971,2.155
4884,240766,2.076
4888,357469,2.536
4889,877039,1.644
4890,937001,2.463
4891,493666,2.088
4892,126763,1.7369999999999997
4893,584004,2.287
4895,457596,1.62
4897,122204,2.443
4898,622960,2.091
4901,319713,2.206
4902,785248,1.669
4903,758329,1.923
4904,391294,1.717
4905,938137,2.041
4906,690615,1.811
4908,587834,2.544
4909,112132,2.2230000000000003
4910,701980,2.588
4911,260559,1.2029999999999998
4912,332112,2.652
4913,606200,2.383
4916,944717,1.992
4919,558103,2.215
4921,707971,2.813
4923,274683,2.713
4925,616805,1.988
4926,299874,2.2030000000000003
4927,848935,2.657
4928,291427,1.586
4930,869491,2.281
4932,329962,2.0540000000000003
4933,603504,2.274
4935,531862,2.07
4936,997138,2.617
4937,269477,1.7
4938,257170,1.7400000000000002
4939,800988,2.194
4940,611447,1.846
4941,395676,1.929
4942,740158,1.816
4944,601487,1.647
4945,977459,2.594
4946,312458,2.271
4947,636933,2.202
4948,766521,2.509
4949,238900,2.123
4950,694261,2.075
4951,868084,2.941
4952,167793,2.23
4953,485527,2.449
4954,906419,1.696
4955,997813,2.419
4956,964637,2.547
4958,909312,1.413
4960,734771,2.049
4963,546885,2.419
4964,318959,2.246
4965,356570,1.644
4968,832431,2.021
4969,947741,1.943
4970,590695,1.534
4972,686598,1.684
4973,670690,2.374
4974,741657,2.194
4975,995644,1.373
4976,157678,1.4509999999999998
4977,920644,1.5399999999999998
4978,213525,1.985
4979,581462,1.596
4980,277814,2.5540000000000003
4981,721288,2.417
4982,390192,2.7310000000000003
4983,347760,2.719
4984,324484,2.536
4985,662371,2.335
4986,585195,1.845
4987,345455,3.247
4988,138458,1.917
4990,314563,2.404
4991,648006,2.203
4992,500147,1.301
4993,615593,2.753
4994,726289,2.306
4995,440800,2.3080000000000003
4998,988724,2.078
4999,897793,2.157
